,wordLength,solved,time,tries
0,4,1,12.048071146011353,5
1,4,1,7.293077230453491,7
2,4,1,22.31361413002014,12
