,wordLength,solved,time,tries
0,4,1,22.31361413002014,12
1,4,1,22.31361413002014,12
2,4,1,22.31361413002014,12
